{
  "current-scene": "fe06c72f-127d-4c70-9875-470145bb2c0b",
  "gizmos-infos": {
    "iconGizmoSize": 2,
    "isGridVisible": true,
    "isIconGizmo3D": false
  },
  "camera-infos": {
    "f46876e4-e81b-4931-b493-6d367be385e7": {
      "position": {
        "x": -0.6951543902541599,
        "y": -0.2905314470645152,
        "z": 5.820648594665321
      },
      "rotation": {
        "w": 0.9940214905607162,
        "x": -0.04131708823162757,
        "y": 0.1000409040011477,
        "z": 0.004184308095353272
      },
      "viewCenter": {
        "x": -0.6951543902541599,
        "y": -0.2905314470645152,
        "z": 5.820648594665321
      }
    },
    "fe06c72f-127d-4c70-9875-470145bb2c0b": {
      "position": {
        "x": 5.940065156455999,
        "y": 2.5190801827589646,
        "z": 2.6907739960613046
      },
      "rotation": {
        "w": 0.8260819875015647,
        "x": -0.15460174593100384,
        "y": 0.5326804491812597,
        "z": 0.09969146974842875
      },
      "viewCenter": {
        "x": 0,
        "y": -0.0103671969845891,
        "z": 0
      }
    }
  },
  "camera-uuids": [
    "fe06c72f-127d-4c70-9875-470145bb2c0b"
  ],
  "float-window": {
    "position": {
      "cc": {
        "CameraComponent": {
          "bottom": 10,
          "dock": false,
          "left": null,
          "right": 10,
          "top": null
        }
      }
    }
  }
}
