{
  "current-scene": "fe06c72f-127d-4c70-9875-470145bb2c0b",
  "gizmos-infos": {
    "iconGizmoSize": 2,
    "isGridVisible": true,
    "isIconGizmo3D": false
  },
  "camera-infos": {
    "f46876e4-e81b-4931-b493-6d367be385e7": {
      "position": {
        "x": -0.6951543902541599,
        "y": -0.2905314470645152,
        "z": 5.820648594665321
      },
      "rotation": {
        "w": 0.9940214905607162,
        "x": -0.04131708823162757,
        "y": 0.1000409040011477,
        "z": 0.004184308095353272
      },
      "viewCenter": {
        "x": -0.6951543902541599,
        "y": -0.2905314470645152,
        "z": 5.820648594665321
      }
    },
    "fe06c72f-127d-4c70-9875-470145bb2c0b": {
      "position": {
        "x": 0.13330661038799008,
        "y": 1.525306905627411,
        "z": -20.772904674528572
      },
      "rotation": {
        "w": 0.00013382814573950058,
        "x": -3.1979911822708505e-7,
        "y": 0.9999971359027623,
        "z": 0.002389618420879928
      },
      "viewCenter": {
        "x": 0.12779462837800892,
        "y": 1.4268850891725298,
        "z": -0.17945591249410242
      }
    }
  },
  "camera-uuids": [
    "fe06c72f-127d-4c70-9875-470145bb2c0b"
  ]
}
